,city,month,temperature_2m_mean,precipitation_sum
0,colombo,1,26.06732570239334,2.746618106139438
1,colombo,2,26.89474885844749,2.3875570776255706
2,colombo,3,27.436108220603536,3.360457856399584
3,colombo,4,27.358817204301076,6.494516129032258
4,colombo,5,27.17044745057232,9.851508844953173
5,colombo,6,26.763333333333335,9.799247311827957
6,colombo,7,26.542351716961498,7.800624349635796
7,colombo,8,26.362851196670135,7.341207075962538
8,colombo,9,26.263440860215052,9.020430107526881
9,colombo,10,26.090426638917794,11.775338189386057
10,colombo,11,25.78516129032258,12.049354838709677
11,colombo,12,25.751612903225805,5.819354838709677
12,jaffna,1,25.48449531737773,2.2992715920915714
13,jaffna,2,26.257077625570776,1.0583333333333333
14,jaffna,3,27.850052029136318,0.8359001040582725
15,jaffna,4,29.14677419354839,1.8874193548387097
16,jaffna,5,29.363787721123828,2.463267429760666
17,jaffna,6,28.99279569892473,1.0758064516129033
18,jaffna,7,28.749739854318417,1.0809573361082205
19,jaffna,8,28.39261186264308,1.8531737773152968
20,jaffna,9,28.238709677419354,2.4539784946236556
21,jaffna,10,27.442351716961497,7.251092611862643
22,jaffna,11,26.335913978494624,11.253763440860215
23,jaffna,12,25.735691987513007,6.121019771071801
24,kandy,1,22.33652445369407,3.6030176899063475
25,kandy,2,23.250799086757993,2.661529680365297
26,kandy,3,24.706451612903226,2.6455775234131114
27,kandy,4,24.734408602150538,5.738172043010753
28,kandy,5,24.418522372528617,4.446722164412071
29,kandy,6,23.853978494623657,2.923655913978495
30,kandy,7,23.548283038501562,3.060561914672216
31,kandy,8,23.46732570239334,3.421436004162331
32,kandy,9,23.484838709677422,3.9538709677419352
33,kandy,10,23.214047866805412,8.416441207075962
34,kandy,11,22.831075268817205,9.654946236559141
35,kandy,12,22.40884495317378,6.572008324661811
36,nuwara_eliya,1,15.973465140478668,4.252341311134235
37,nuwara_eliya,2,16.473515981735158,3.327739726027397
38,nuwara_eliya,3,17.392091571279916,3.3381893860561913
39,nuwara_eliya,4,17.766236559139784,7.658064516129032
40,nuwara_eliya,5,18.105098855359,7.289177939646201
41,nuwara_eliya,6,17.56505376344086,5.776129032258065
42,nuwara_eliya,7,17.242976066597294,6.169406867845994
43,nuwara_eliya,8,17.161394380853277,6.434859521331946
44,nuwara_eliya,9,17.086451612903225,7.225268817204301
45,nuwara_eliya,10,16.807492195629553,11.349011446409989
46,nuwara_eliya,11,16.47440860215054,11.221182795698926
47,nuwara_eliya,12,16.108740894901146,7.204578563995838
